initialPrice,sector,daysBeatSP,spvalue,priceChange100Days
17.6,Health Care,131,1946.17,0.6693181818181816
9.37,Technology,125,1698.67,0.3383137673425827
34.91,Health Care,138,1418.55,0.29561730163277
19.5,Health Care,70,2575.21,1.7774358974358972
22.16,Finance,126,2013.43,-0.21028880866425995
22.0,Finance,115,2078.58,0.26772727272727276
13.8,Finance,127,2104.05,0.011594202898550735
24.78,Finance,87,2468.11,0.01049233252623075
24.85,Finance,127,2164.69,-0.10100603621730388
29.0,Technology,124,2046.61,2.5613793103448277
5.87,Technology,58,2587.84,1.1993185689948893
17.94,Consumer Services,117,1399.98,-0.031215161649944385
11.0,Health Care,128,1995.83,0.690909090909091
15.51,Health Care,124,2080.15,-0.23920051579626042
7.0,Health Care,93,1733.15,0.26428571428571423
14.0,Health Care,125,1833.08,0.28499999999999986
48.12,Capital Goods,147,2126.5,0.40876974231088964
6.53,Capital Goods,89,2432.46,-0.2572741194486984
30.6,Health Care,124,2106.63,-0.3620915032679739
19.51,Public Utilities,130,2160.77,0.12762685802152735
24.05,Health Care,134,1930.67,1.0939708939708939
10.25,Health Care,124,1759.77,0.9512195121951219
49.35,Energy,122,2092.83,-0.19554812563323204
5.85,Finance,125,1519.43,0.4717948717948718
12.81,Consumer Non-Durables,130,2040.59,0.47306791569086654
5.63,Health Care,125,1985.54,0.010657193605683925
27.16,Health Care,131,1685.94,-0.3302650957290132
9.61,Health Care,117,2041.91,-0.38917793964620184
24.56,Consumer Services,132,1878.21,0.0
24.85,Consumer Services,79,2430.01,0.03943661971830973
36.12,Public Utilities,129,2041.89,0.11821705426356599
5.05,Health Care,128,1900.53,0.19207920792079203
12.5,Health Care,124,1849.04,0.6856
11.25,Finance,121,1632.69,-0.07111111111111118
19.5,Consumer Services,117,1770.49,-0.2415384615384616
9.75,Health Care,50,2269.0,0.014358974358974418
9.82,Health Care,73,2136.73,0.058044806517311635
17.5,Health Care,120,2083.56,0.13599999999999995
7.3606,Technology,111,2184.05,0.9563622530771949
14.0,Consumer Services,106,2096.99,0.014285714285714235
12.81,Health Care,114,1868.2,-0.12412177985948476
20.62,Health Care,117,1872.01,0.019883608147429687
8.1,Health Care,114,2459.27,1.3222222222222222
250.0,Health Care,26,1625.96,-0.2
9.5,Health Care,129,1875.63,0.3221052631578948
6.01,Health Care,123,1881.14,0.2312811980033279
26.18,Consumer Services,127,1329.1,0.1417112299465241
47.49,Consumer Services,128,1791.53,0.08696567698462825
25.8065,Finance,105,1792.5,-0.04365179315288784
9.77,Health Care,57,2579.85,-0.10337768679631523
15.9,Technology,130,2101.49,0.014465408805031362
10.37,Health Care,94,2419.7,0.09064609450337525
22.7,Capital Goods,134,1402.6,-0.2312775330396476
16.55,Technology,64,2579.36,0.9009063444108761
27.82,Public Utilities,122,2023.57,-0.13156002875629044
6.0,Technology,134,1432.56,0.625
18.0,Finance,120,1582.7,0.11555555555555547
16.2,Technology,116,1866.52,-0.1759259259259259
18.9,Consumer Services,134,1810.65,0.16507936507936513
954.0,Health Care,94,1829.83,-0.16037735849056603
21.56,Public Utilities,107,2389.52,-0.09369202226345082
15.5,Consumer Services,133,1706.87,0.04580645161290328
6.67,Health Care,128,1959.53,0.5067466266866568
9.82,Finance,104,2388.33,0.036659877800407276
12.49,Basic Industries,115,1858.83,-0.05684547638110495
15.17,Health Care,140,2296.68,0.5425181278839815
55.0,Technology,127,1949.44,0.3623636363636365
9.35,Consumer Non-Durables,123,1432.56,-0.2459893048128342
50.25,Health Care,130,2088.0,-0.011542288557213896
23.375,Technology,133,1689.47,5.470588235294118
35.14,Finance,132,1544.26,0.5244735344336938
17.03,Consumer Services,132,2129.2,0.10980622431004095
12.11,Technology,129,2101.49,0.2708505367464906
10.0,Consumer Services,83,2419.7,-0.692
22.5,Technology,118,2164.69,-0.3537777777777778
8.0,Health Care,106,2173.02,-0.7675
9.01,Technology,56,2587.84,0.8113207547169812
5.25,Basic Industries,128,2103.84,-0.038095238095238126
11.26,Health Care,104,1878.04,-0.2895204262877442
51.56,Energy,118,1692.56,0.17668735453840184
26.0,Health Care,120,2091.48,-0.20461538461538462
21.9,Consumer Durables,109,2385.26,0.022374429223744385
14.09,Health Care,124,1959.48,0.7040454222853089
18.0,Finance,116,1881.14,-0.0033333333333332624
160.0,Health Care,124,1797.02,-0.03249999999999993
17.33,Health Care,111,2365.72,0.5118291979226776
20.1,Consumer Services,133,1775.5,0.3960199004975123
16.81,Capital Goods,138,2141.34,0.5758477096966091
13.29,Transportation,112,1706.87,0.07223476297968404
12.0,Basic Industries,137,2147.26,1.2083333333333333
18.54,Health Care,130,2002.16,-0.038295577130528634
10.53,Consumer Services,124,1936.16,-0.056980056980056946
39.36,Consumer Services,8,1403.28,0.14329268292682928
7.25,Capital Goods,103,2390.9,0.1213793103448277
9.75,Finance,42,2465.1,0.011282051282051224
10.03,Finance,40,2474.02,0.016949152542372874
13.58,Technology,110,1866.52,-0.22091310751104565
43.25,Finance,131,2259.53,0.2326011560693642
26.0,Technology,129,1782.22,0.23192307692307695
15.75,Miscellaneous,136,2096.07,0.20888888888888885
11.2104,Health Care,107,2437.92,0.5030685791764791
7.86,Technology,113,2182.87,-0.23664122137404583
9.66,Health Care,127,1862.76,1.976190476190476
12.75,Public Utilities,127,1946.17,-0.08627450980392154
31.52,Consumer Services,96,2434.5,-0.30837563451776645
7.57,Health Care,83,2419.38,-0.3883751651254954
13.49,Finance,121,1982.77,-0.22461082283172715
520.0,Health Care,127,1994.99,-0.07230769230769235
13.78,Transportation,124,1770.49,0.2089985486211902
16.11,Health Care,128,1829.08,1.3600248292985726
8.32,Health Care,127,2081.24,0.1862980769230768
20.11,Basic Industries,127,2038.25,0.424167081054202
35.0,Public Utilities,117,1936.16,-0.07142857142857142
15.03,Technology,134,2343.98,0.4970059880239522
14.5,Public Utilities,119,2139.18,0.1758620689655173
4.87,Health Care,110,2136.73,-0.1478439425051334
89.95,Miscellaneous,116,2010.4,-0.047470817120622524
20.55,Technology,50,2582.3,0.5892944038929439
19.86,Consumer Services,131,2094.34,-0.13846928499496475
17.2914,Consumer Services,128,2094.34,-0.020322241114079726
8.9418,Finance,59,1395.95,-0.1884184392404214
23.0,Basic Industries,124,2099.33,0.043478260869565216
9.7301,Finance,32,2460.61,0.007183893279616912
10.06,Finance,47,2437.03,0.02385685884691851
25.25,Consumer Services,134,1512.12,0.003960396039604017
14.0,Technology,116,1361.23,0.051428571428571476
18.5,Finance,123,1770.49,-0.07513513513513517
50.2,Health Care,122,2394.44,0.0870517928286852
10.55,Consumer Services,127,2365.72,1.4265402843601895
14.85,Consumer Non-Durables,136,1461.4,0.2754208754208755
27.5,Miscellaneous,120,1502.96,0.20654545454545453
27.05,Health Care,136,1912.53,0.1822550831792976
9.55,Finance,35,2074.28,0.028795811518324457
9.99,Finance,26,2055.47,0.007007007007007036
12.2599,Finance,130,1983.53,0.09299423323191872
37.25,Energy,98,2432.54,-0.1755704697986577
4.5,Consumer Services,28,2090.35,-0.08888888888888896
17.0,Health Care,124,2389.52,1.1641176470588235
27.81,Health Care,96,1751.64,-0.2837108953613807
49.0,Public Utilities,130,2083.58,0.3493877551020409
26.12,Technology,133,2125.85,0.25153139356814685
22.35,Technology,134,2111.72,0.32080536912751667
9.6,Capital Goods,66,1872.01,0.014583333333333393
23.5,Health Care,123,2061.23,-0.0012765957446808994
22.75,Basic Industries,124,2100.44,0.36439560439560437
11.57,Consumer Services,129,1402.22,0.3656006914433881
8.01,Health Care,111,2096.99,-0.001248439450686615
24.95,Health Care,134,1628.93,-0.1951903807615231
14.25,Consumer Services,131,1691.42,0.30175438596491233
14.0,Consumer Services,124,2102.15,-0.3742857142857143
41.5,Technology,119,1725.52,0.6033734939759038
23.2,Health Care,88,1962.61,-0.4810344827586207
23.5,Consumer Services,113,2116.1,-0.2531914893617021
15.05,Health Care,123,2173.02,-0.007973421926910364
15.0,Finance,28,2186.48,0.0
16.88,Consumer Services,130,1994.65,0.5100710900473934
20.16,Technology,111,2051.82,-0.1443452380952381
24.75,Finance,113,1555.25,-0.050505050505050504
18.0,Health Care,132,2085.51,0.645
16.85,Energy,58,2560.4,0.09198813056379804
21.276,Finance,117,1552.36,-0.10133483737544646
9.57,Finance,29,2557.15,0.01201671891327066
10.09,Finance,36,2552.07,0.04658077304261651
10.01,Finance,28,2582.14,0.031968031968031996
9.92,Technology,51,2099.93,0.008064516129032265
11.75,Capital Goods,117,1650.51,0.4936170212765958
20.26,Consumer Services,132,1763.31,0.04491609081934848
13.25,Finance,122,1928.21,0.29886792452830196
18.0,Energy,125,2108.29,-0.15666666666666668
30.03,Energy,140,2358.84,-0.07292707292707297
26.02,Consumer Non-Durables,122,2114.15,-0.31936971560338195
22.61,Consumer Services,126,1693.87,0.14551083591331265
18.8,Capital Goods,135,2096.29,-0.10585106382978733
12.5,Finance,65,2578.85,0.7584000000000001
19.84,Finance,108,2423.41,-0.016633064516128948
16.55,Health Care,125,2364.87,1.3867069486404833
9.23,Consumer Services,116,2130.82,-0.3802816901408451
399.84,Consumer Services,125,2108.86,0.08568427370948392
21.5,Finance,132,2328.95,-0.03069767441860466
20.21,Public Utilities,114,2109.99,-0.2785749628896586
9.26,Health Care,111,1946.17,0.7645788336933046
20.11,Energy,134,1412.97,0.12033814022874201
11.26,Health Care,116,1782.59,0.5550621669626999
27.1,Technology,65,2550.93,0.19261992619926194
7.0833,Finance,86,1754.67,0.2941284429573786
19.9,Technology,124,2365.72,0.4396984924623116
12.25,Health Care,114,2102.31,-0.40816326530612246
9.0,Health Care,80,1781.56,-0.2777777777777778
14.0,Capital Goods,124,1751.64,0.003571428571428622
24.78,Finance,122,1937.78,0.01129943502824849
27.2,Finance,56,2594.38,0.07352941176470588
20.5,Basic Industries,113,2109.99,-0.6717073170731707
5.99,Finance,93,1694.16,0.24373956594323873
4.39,Miscellaneous,140,2021.15,0.3735763097949888
20.64,Capital Goods,114,1956.98,-0.11337209302325581
10.31,Health Care,121,1349.96,0.32589718719689614
10.0,Energy,117,2080.73,0.281
30.25,Miscellaneous,135,1994.29,0.5629752066115703
24.44,Health Care,116,1839.78,-0.015752864157119538
9.0,Health Care,112,1958.12,-0.20888888888888887
15.96,Health Care,123,2106.63,-0.11027568922305774
17.38,Consumer Services,139,1613.2,0.18872266973532803
22.25,Energy,52,2578.87,0.3114606741573034
19.55,Energy,119,1848.38,0.1918158567774936
8.8091,Capital Goods,107,2365.38,-0.2105322904723525
11.52,Finance,106,2384.2,0.16232638888888898
21.35,Finance,135,1998.3,0.1695550351288055
17.69,Health Care,115,2077.42,0.13058224985867714
5.2,Health Care,115,1985.54,-0.08626923076923075
21.85,Finance,136,1391.57,0.21327231121281465
10.0,Health Care,116,1553.28,-0.0009999999999999788
19.0,Consumer Services,123,2130.82,-0.06210526315789472
67.2,Health Care,102,2099.5,-0.375
9.5,Consumer Services,127,1782.0,-0.23684210526315788
19.63,Health Care,122,2124.29,0.16148751910341325
18.06,Consumer Services,113,1690.5,0.00498338870431893
12.27,Health Care,131,2031.21,1.1980440097799512
24.14,Consumer Services,125,1992.67,0.1437448218724109
24.82,Consumer Services,136,1995.69,0.009266720386784867
25.26,Consumer Services,126,1877.03,0.09342834520981787
24.4,Consumer Services,131,1701.84,0.18647540983606561
12.0,Technology,130,2175.03,0.27999999999999997
12.02,Technology,122,2175.03,0.25207986688851924
14.33,Consumer Services,135,1338.31,0.6573621772505234
9.8,Finance,21,2549.33,-0.012244897959183773
11.5,Consumer Services,91,2474.92,2.720869565217391
17.76,Basic Industries,132,1687.99,0.2105855855855855
12.25,Consumer Services,125,1842.98,0.04653061224489798
9.65,Technology,34,2077.07,0.010362694300518097
28.5,Finance,38,1838.88,0.05263157894736842
16.16,Health Care,140,2001.57,0.17636138613861393
38.5,Energy,123,2270.44,-0.11246753246753242
5.0,Health Care,49,2262.53,1.6
9.75,Finance,32,1964.58,0.009230769230769216
17.73,Technology,133,2384.2,0.036661026508742166
27.855,Health Care,4,2084.07,-0.13785675821217017
4.0,Capital Goods,123,1390.69,0.8174999999999999
38.15,Health Care,119,2061.05,-0.13027522935779814
13.5,Consumer Services,107,2316.1,-0.08592592592592593
7.14,Health Care,129,2105.26,1.73109243697479
9.26,Basic Industries,98,2473.45,1.1436285097192227
13.95,Technology,133,1875.63,0.4845878136200718
15.11,Health Care,118,1593.37,0.05890138980807416
9.63,Finance,31,2591.13,0.01246105919003107
10.0,Finance,39,2560.4,0.016000000000000014
16.05,Health Care,95,2477.57,0.1327102803738317
9.7,Finance,33,2438.21,0.005154639175257806
10.0,Finance,80,2437.03,0.009999999999999964
9.08,Health Care,103,1690.25,-0.33590308370044053
14.0,Health Care,120,1829.83,-0.2878571428571428
15.05,Miscellaneous,117,2271.72,0.09036544850498335
9.75,Finance,113,2083.39,-0.04923076923076927
12.45,Capital Goods,117,1681.55,-0.10281124497991963
17.45,Consumer Services,54,2582.14,0.06991404011461332
26.8,Public Utilities,106,1965.99,-0.18432835820895527
18.84,Consumer Services,111,2096.07,-0.05201698513800427
11.92,Health Care,121,2088.0,0.8196308724832216
14.72,Technology,124,1759.77,0.4735054347826087
20.66,Consumer Services,108,1485.98,0.03049370764762822
7.67,Health Care,115,1888.77,-0.22685788787483704
17.0,Miscellaneous,147,2090.1,0.9829411764705883
16.9,Consumer Non-Durables,119,1636.36,-0.08994082840236674
31.75,Technology,131,2160.77,-0.14582677165354327
9.82,Capital Goods,117,1349.96,0.01629327902240327
72.0,Energy,119,2039.33,0.13611111111111107
21.21,Consumer Services,97,1790.29,-0.3955681282413956
14.01,Health Care,132,2144.29,0.6009992862241257
35.25,Technology,133,1763.31,0.393758865248227
14.25,Health Care,119,2036.71,-0.008421052631578892
37.1,Technology,123,1841.13,-0.6703504043126685
9.25,Consumer Services,71,2425.55,-0.003243243243243174
10.7,Capital Goods,127,1392.78,0.033644859813084224
13.26,Basic Industries,138,1650.51,0.38914027149321284
15.5,Finance,129,2177.18,0.22580645161290322
30.0,Basic Industries,132,1920.03,-0.018333333333333358
19.3,Health Care,135,1930.67,0.4865284974093264
12.76,Health Care,128,2013.43,0.046238244514106575
17.49,Consumer Services,118,1920.03,-0.17724413950829035
18.14,Capital Goods,117,1709.67,-0.06339581036383694
15.0,Health Care,14,1946.17,0.5125
10.9091,Finance,39,1362.21,0.08333409722158552
21.26,Consumer Services,125,1885.08,-0.3767638758231421
10.7,Consumer Durables,126,2384.2,0.6504672897196263
25.03,Energy,128,1480.94,0.22053535757091489
10.8,Finance,108,1848.38,-0.046296296296296294
22.03,Consumer Durables,134,2153.74,0.5796640944167043
22.0,Consumer Services,105,1692.56,0.1804545454545454
7.52,Health Care,105,1841.07,2.6972074468085108
54.51,Health Care,110,2109.99,-0.09466152999449637
22.12,Technology,125,1998.3,0.8892405063291138
9.0,Consumer Services,107,1349.96,0.2922222222222223
65.0,Health Care,120,1833.08,-0.34
44.0,Technology,118,1667.47,0.6002272727272726
22.2,Health Care,122,1927.11,-0.063063063063063
16.11,Health Care,73,2510.06,0.7815021725636251
50.66,Public Utilities,133,2190.15,-0.0011843663639951672
15.5,Consumer Services,135,2055.47,0.03225806451612903
12.8,Basic Industries,72,2111.73,-0.790625
15.02,Health Care,138,1967.9,0.06524633821571241
27.91,Consumer Services,71,2508.24,0.05696882837692583
12.0,Consumer Services,120,1385.97,0.18333333333333326
22.35,Energy,124,1414.2,0.3646532438478746
16.75,Consumer Services,129,1782.0,0.31343283582089554
12.76,Consumer Services,141,2089.17,0.7029780564263324
21.81,Public Utilities,139,1862.49,0.8491517652453003
6.0,Health Care,95,1515.6,-0.2666666666666666
28.0,Energy,109,1872.83,0.02392857142857149
11.5,Consumer Services,130,1692.09,0.015652173913043455
9.7306,Finance,27,2550.93,0.007132139847491409
10.07,Finance,30,2500.23,0.055610724925521396
18.185,Health Care,92,2419.7,0.4451470992576301
15.04,Health Care,147,1906.13,0.9946808510638299
180.0,Health Care,105,1568.61,0.325
29.01,Health Care,120,1794.19,-0.3809031368493623
9.6,Consumer Services,57,1872.01,0.014583333333333393
24.0,Consumer Non-Durables,110,2092.83,-0.3354166666666667
50.0,Public Utilities,120,2168.27,0.04359999999999999
42.5,Technology,144,2187.02,0.3004705882352942
9.9,Finance,59,2109.79,-0.020202020202020308
9.98,Finance,60,2108.63,0.022044088176352592
10.0,Finance,74,1961.05,0.005990000000000073
19.0,Consumer Services,127,1582.7,-0.1705263157894737
60.0,Health Care,116,1920.24,-0.3983333333333333
24.8,Miscellaneous,117,1989.57,0.08145161290322579
10.11,Health Care,126,1773.43,0.20276953511374884
25.37,Energy,107,1962.87,-0.45762711864406785
11.08,Health Care,107,1923.82,-0.3799638989169675
16.0,Health Care,128,1912.53,0.7549999999999999
18.67,Miscellaneous,134,2384.2,0.20567755757900372
30.7,Energy,102,2268.9,-0.14201954397394134
20.55,Consumer Services,138,1352.46,-0.0681265206812653
11.8201,Health Care,116,1773.43,0.10743563929239176
12.75,Health Care,117,1819.26,0.11764705882352941
10.95,Consumer Services,123,2051.8,-0.10410958904109578
10.88,Technology,130,1759.77,0.30974264705882343
121.95,Health Care,122,1794.19,0.7712177121771218
12.1549,Capital Goods,107,1845.89,0.28888760911237443
9.6,Finance,49,1932.24,0.0
10.06,Finance,42,2108.86,-0.002982107355864924
23.73,Consumer Non-Durables,108,2177.18,0.112937210282343
16.5,Basic Industries,145,1626.67,0.8987878787878787
21.0,Public Utilities,126,1815.69,0.22047619047619044
12.6,Finance,123,1946.16,0.2269841269841271
6.0,Public Utilities,118,2091.48,-0.11166666666666665
7.06,Technology,108,1408.47,-0.254957507082153
33.13,Miscellaneous,126,2094.11,0.29278599456685767
14.31,Health Care,124,1545.8,0.236198462613557
26.5,Finance,125,1994.65,-0.12679245283018867
13.25,Technology,131,1349.96,0.2830188679245283
18.04,Energy,120,1838.7,0.14578713968957888
4.2742,Health Care,54,2053.4,0.7079219503064899
18.6,Health Care,118,1630.74,0.9645161290322579
23.55,Finance,123,2075.0,-0.10870488322717631
31.5,Public Utilities,113,2099.12,-0.28952380952380957
22.58,Public Utilities,146,1331.85,0.2581930912311781
12.0,Transportation,131,1492.56,1.1224999999999998
4.1001,Consumer Services,125,1994.29,0.01948732957732724
9.36,Consumer Services,83,1689.37,0.153846153846154
24.4,Health Care,1,2088.55,0.0
20.3,Finance,114,1756.54,0.1827586206896552
14.45,Health Care,124,1603.26,-0.056747404844290555
15.0,Finance,103,2419.38,0.12199999999999989
13.05,Consumer Services,126,1693.87,0.14559386973180066
9.59,Public Utilities,52,2053.19,0.02189781021897819
28.22,Miscellaneous,113,2104.99,-0.5031892274982283
20.0,Basic Industries,121,2106.85,-0.375
11.76,Technology,132,2139.16,0.613095238095238
67.62,Health Care,114,2052.75,-0.3016858917480036
17.54,Consumer Services,122,2092.83,-0.22177879133409345
24.5,Health Care,131,1685.39,0.44979591836734706
10.55,Health Care,108,1692.77,-0.07393364928909962
20.16,Technology,128,1588.85,0.18402777777777782
18.0,Technology,128,2065.89,-0.11388888888888893
27.19,Health Care,59,2560.4,0.17910996689959546
6.0,Health Care,72,2096.99,-0.3333333333333333
14.8636,Health Care,93,2048.72,-0.13580155547781153
17.495,Energy,144,1428.59,0.27693626750500133
11.32,Consumer Services,53,2564.98,-0.39752650176678445
6.31,Health Care,116,1695.0,-0.049128367670364444
38.0,Technology,117,1295.22,-0.44973684210526316
24.0,Health Care,47,2578.87,-0.049270833333333375
20.0,Finance,131,2139.16,0.258
15.12,Consumer Services,118,2316.1,-0.14947089947089948
19.73,Finance,137,1925.15,0.23922959959452603
16.09,Consumer Services,143,2089.41,0.11124922311995022
15.65,Miscellaneous,127,2023.86,-0.1827476038338659
9.27,Consumer Services,45,2594.38,-0.27939590075512405
18.75,Energy,113,1956.98,-0.04160000000000006
21.63,Energy,124,1387.57,0.0827554322699955
35.28,Technology,131,1709.91,1.0048185941043084
9.0,Finance,113,2017.81,0.062222222222222276
9.6,Finance,80,2173.02,0.03020833333333343
21.48,Health Care,122,2039.82,0.4329608938547486
23.0,Finance,126,2164.25,0.5269565217391303
25.21,Energy,115,1691.42,0.07298690995636652
29.5,Technology,125,2121.24,0.2494915254237288
24.9,Finance,130,1805.09,0.06546184738955833
25.0,Consumer Services,125,1376.51,0.3884
7.18,Technology,111,1865.09,-0.1587743732590529
9.02,Health Care,113,2151.13,0.25831485587583153
14.8,Health Care,123,2021.25,0.34121621621621623
37.33,Technology,129,1953.03,-0.39753549424055723
14.52,Health Care,126,1819.26,-0.03443526170798898
30.07,Health Care,115,1692.77,-0.03624875290987695
15.49,Basic Industries,112,1967.9,-0.5590703679793415
29.37,Consumer Services,134,2388.77,0.3118828736806265
6.935,Consumer Non-Durables,58,2579.85,0.1607786589762078
9.7,Finance,61,2341.59,0.01237113402061866
10.05,Finance,71,2271.31,0.03876616915422883
11.75,Finance,127,1994.99,0.026382978723404296
6.22,Consumer Durables,118,2011.36,0.4758842443729904
17.72,Consumer Non-Durables,117,1697.48,0.023137697516930032
14.9,Finance,111,2399.63,-0.09395973154362418
12.5,Consumer Services,118,1815.69,-0.07280000000000002
13.02,Health Care,128,1725.52,-0.05222734254992317
21.25,Energy,127,2271.31,-0.27905882352941175
12.5,Consumer Services,130,1399.98,0.3103999999999999
18.5032,Consumer Non-Durables,121,2031.92,0.04360326862380556
11.02,Consumer Services,116,1881.14,-0.05989110707803994
10.74,Technology,79,2432.46,-0.48324022346368717
16.24,Capital Goods,118,2141.34,0.18226600985221683
10.06,Finance,49,2473.83,0.021868787276341835
12.9,Finance,3,1690.5,0.0
9.9,Finance,114,1341.47,0.3101010101010101
24.68,Technology,68,2581.07,0.3970826580226903
22.048000000000002,Finance,138,2109.6,0.5021770682148038
31.0,Consumer Services,120,1692.56,0.021290322580645164
99.58,Public Utilities,120,2092.83,0.03785900783289813
45.0,Capital Goods,132,2075.32,0.12200000000000004
4.91,Consumer Non-Durables,61,2500.6,-0.38289205702647666
18.7298,Consumer Services,135,1472.12,0.23801642302640702
24.5125,Consumer Services,130,1963.71,0.08892197858235595
15.75,Health Care,127,1862.49,0.4704761904761905
33.01,Health Care,123,2086.05,-0.048773099060890626
13.75,Consumer Services,116,2124.2,0.2516363636363637
20.0,Basic Industries,133,1903.63,0.2705
25.49,Technology,130,2059.69,0.059238917222440235
20.27,Technology,138,2390.9,0.3576714356191416
8.5,Health Care,128,2182.87,-0.03647058823529418
100.0,Technology,103,1667.47,-0.01980000000000004
28.0,Health Care,125,2102.31,-0.2146428571428572
24.75,Consumer Non-Durables,78,2500.6,0.027474747474747464
20.05,Finance,128,1507.84,-0.18234413965087276
8.8997,Public Utilities,142,1405.87,0.6619998426913267
14.1,Health Care,118,1846.34,-0.4382978723404255
11.0,Technology,123,1978.22,0.20454545454545456
12.27,Consumer Services,126,1408.47,-0.16707416462917676
25.5,Consumer Services,132,1878.21,0.19607843137254902
40.25,Consumer Services,118,1710.14,-0.05739130434782614
8.84,Health Care,112,1842.37,-0.19004524886877824
13.06,Health Care,133,1390.99,-0.16003062787136293
24.8,Consumer Services,66,2560.4,0.023790322580645156
10.0,Consumer Services,119,2070.77,-0.27699999999999997
21.68,Consumer Services,132,2090.1,-0.007841328413284047
16.07,Finance,102,1931.59,-0.25015556938394523
11.0,Health Care,111,1751.64,0.7418181818181818
210.0,Transportation,49,1973.28,-0.2857142857142857
27.78,Consumer Services,110,2109.6,-0.006479481641468672
12.75,Transportation,116,2102.31,-0.2854901960784314
15.39,Consumer Services,126,1592.43,0.21832358674463934
17.15,Consumer Non-Durables,118,2111.72,0.03615160349854234
24.7,Consumer Services,121,2090.54,0.028744939271255095
551.4064,Technology,126,1849.04,0.03930041435862925
15.85,Consumer Non-Durables,131,2381.38,0.18990536277602524
18.13,Consumer Services,102,2438.3,-0.01930501930501919
15.0,Basic Industries,120,2101.49,-0.11000000000000003
10.273,Energy,21,1521.38,-0.11418280930594764
28.65,Miscellaneous,132,1957.22,1.6691099476439792
29.76,Consumer Services,110,1669.16,-0.13306451612903228
21.11,Basic Industries,120,1685.94,-0.1042160113690194
34.0,Miscellaneous,138,1865.09,0.25764705882352934
10.0,Finance,66,2343.98,0.0019999999999999575
10.15,Finance,70,2274.64,0.02463054187192118
11.0,Capital Goods,133,2056.5,-0.22636363636363638
15.25,Technology,113,2164.69,-0.20000000000000004
13.35,Health Care,126,2357.03,0.9213483146067415
10.51,Finance,50,2270.76,-0.06184586108468129
10.04,Finance,86,2133.04,0.0318725099601594
17.4,Finance,147,1862.49,0.37988505747126455
12.0005,Finance,103,1965.99,-0.44668972126161416
8.9,Health Care,136,1582.7,0.6460674157303371
16.45,Technology,127,1326.06,0.5240121580547114
6.24,Public Utilities,124,2075.81,0.2740384615384615
30.0,Consumer Services,119,2052.75,0.03200000000000003
8.55,Health Care,55,2550.93,-0.36491228070175447
11.03,Consumer Services,128,1541.61,0.057116953762466074
24.47,Finance,125,1555.25,0.008173273395995212
23.0,Finance,123,2183.87,0.06468695652173913
24.67,Finance,133,2019.64,0.1256586947709768
11.85,Finance,105,1432.56,0.04219409282700422
17.5,Energy,134,2328.95,0.5594285714285714
17.0,Basic Industries,132,1415.51,-0.08352941176470588
13.02,Health Care,116,2040.59,-0.000768049155145913
22.14,Technology,118,2002.33,-0.09620596205962055
17.8,Consumer Services,141,1613.2,0.15337078651685396
5.8001,Capital Goods,114,2268.88,-0.30518439337252795
25.31,Energy,120,2352.95,-0.23785065191623864
25.76,Consumer Services,130,2253.28,0.31987577639751547
26.3,Consumer Services,116,1994.99,0.2821292775665398
13.02,Finance,118,1517.93,-0.19201228878648235
8.81,Technology,109,1857.62,-0.036322360953462
7.5,Consumer Services,80,2081.34,0.26665333333333335
21.65,Finance,126,2083.39,0.21062355658198625
17.74,Finance,142,2395.96,0.25535512965050744
44.9245,Consumer Services,135,1775.5,0.039058865429776615
13.74,Consumer Services,129,1790.62,0.49053857350800584
21.75,Consumer Services,119,1909.57,-0.16091954022988506
11.33,Finance,144,1342.64,0.41173874669020294
10.2,Consumer Services,123,1553.28,0.2176470588235295
14.49,Consumer Services,137,2164.25,-0.004140786749482436
12.6,Finance,137,2098.86,0.48809523809523814
9.5209,Technology,134,2033.66,-0.030952956128097016
17.0401,Miscellaneous,132,1930.67,0.4448272017182999
11.33,Finance,128,1900.53,0.25772285966460723
11.31,Health Care,108,2074.33,-0.2997347480106101
19.66,Consumer Services,131,1315.13,0.021363173957273558
11.24,Finance,144,1341.45,0.17081850533807827
89.024,Health Care,112,1685.94,-0.10753841660675768
11.13,Capital Goods,112,2080.15,0.016172506738544448
29.07,Technology,129,1928.21,0.4255245958032335
9.75,Transportation,45,2351.16,0.013333333333333414
9.75,Transportation,47,2181.9,0.045128205128205076
13.08,Finance,96,2270.44,0.08715596330275234
12.11,Finance,55,2587.84,-0.07018992568125514
38.0,Capital Goods,127,1440.67,0.3102631578947368
9.69,Finance,14,2578.85,-0.009287925696594413
32.81,Health Care,125,1941.28,0.4196891191709843
16.25,Capital Goods,114,2124.2,-0.43261538461538457
16.9,Consumer Services,116,1541.61,0.3609467455621303
25.1,Finance,126,2050.63,0.06755776892430274
24.6,Finance,134,2108.63,0.04146341463414632
12.27,Basic Industries,129,1829.83,0.016299918500407587
29.0,Finance,138,1553.69,0.17551724137931046
15.2,Finance,93,2019.42,0.2828947368421053
14.355,Finance,74,2358.57,0.23162661093695572
10.61,Energy,118,1931.59,-0.46936852026390197
9.76,Technology,149,2259.53,0.9877049180327868
18.74,Health Care,128,1432.84,1.082177161152615
9.61,Finance,59,2160.77,0.02081165452653497
9.82,Consumer Services,15,2088.87,0.02647657841140527
19.0,Finance,130,2191.08,-0.052105263157894655
11.81,Health Care,123,1987.98,0.9093988145639289
37.8333,Health Care,74,1390.78,-0.6255494498233038
6.0,Consumer Non-Durables,28,2441.32,-0.06166666666666668
9.7,Finance,52,2428.37,0.0040206185567010005
10.0,Finance,58,2475.42,0.014000000000000058
14.78,Health Care,138,1838.63,0.48849797023004066
33.1,Health Care,89,2129.9,-0.5770392749244713
26.98,Technology,118,2088.48,-0.03446997776130466
9.0,Technology,36,2035.33,0.07221111111111117
15.75,Technology,130,2023.04,0.11555555555555558
9.0,Consumer Services,143,2176.94,1.0799999999999998
19.8,Finance,131,2279.55,0.07525252525252517
58.88,Technology,100,1539.79,-0.38858695652173914
10.0,Finance,59,2519.36,0.0
5.15,Energy,112,1804.76,0.5844660194174757
42.0,Health Care,128,1626.67,0.07380952380952384
301.566,Consumer Durables,80,1896.65,0.1301671939144334
7.94,Health Care,143,1981.57,0.13979848866498745
7.9,Consumer Services,129,1694.16,0.055696202531645506
24.74,Health Care,132,2141.34,0.4195634599838318
14.1,Finance,105,1973.32,-0.03546099290780142
10.0,Health Care,118,1841.4,0.5810000000000001
12.54,Health Care,115,2084.43,0.0677830940988837
13.83,Energy,132,2294.69,-0.06218365871294284
6.57,Health Care,109,2098.48,-0.5068493150684932
9.9,Consumer Durables,76,1744.5,0.019191919191919142
11.6,Consumer Services,109,1931.34,-0.2258620689655172
30.01,Consumer Services,102,2409.75,0.10263245584805071
20.01,Consumer Services,128,2061.02,-0.10044977511244385
20.24,Consumer Services,128,1892.49,0.26778656126482225
24.95,Basic Industries,141,2294.69,0.3747494989979959
30.57,Finance,115,2412.91,0.14916584887144266
12.25,Consumer Non-Durables,127,2364.87,0.02040816326530612
23.33,Consumer Services,125,1877.86,0.0008572653236177938
9.64,Technology,103,2081.9,-0.31846473029045647
16.77,Health Care,127,2294.69,-0.07573047107930826
12.6446,Energy,138,1685.94,0.06836119766540656
10.41,Consumer Services,108,2124.29,-0.09702209414024973
20.91,Finance,133,2002.33,0.13629842180774757
9.75,Public Utilities,77,2091.7,0.027692307692307648
9.94,Public Utilities,85,1993.4,0.020120724346076566
8.0,Technology,47,2585.64,-0.32875
6.5,Miscellaneous,116,2039.68,0.2107692307692308
9.7,Finance,64,2391.17,0.0010309278350517075
10.0,Finance,79,2368.06,0.0019999999999999575
16.38,Health Care,94,2473.45,0.1611721611721612
73.5,Health Care,116,2091.18,-0.030476190476190407
15.15,Health Care,118,1872.18,0.3366336633663366
9.7,Finance,37,2440.69,0.0010309278350517075
9.9,Finance,70,2439.07,0.025252525252525252
105.0,Consumer Non-Durables,29,1544.26,0.4257142857142856
9.7,Health Care,95,2166.58,-0.5164948453608247
5.19,Technology,119,2017.81,1.6647398843930636
12.7837,Public Utilities,92,2002.61,0.2544333800073532
27.32,Capital Goods,126,1904.01,0.36859443631039535
71.0,Consumer Non-Durables,128,2068.76,0.04323943661971821
17.17,Health Care,67,2550.93,-0.015725101921957082
8.75,Health Care,116,1775.5,0.7622857142857142
45.0,Capital Goods,123,2074.33,-0.07399999999999997
9.6,Health Care,127,1630.74,0.7125000000000002
11.08,Health Care,118,2104.99,0.8700361010830324
28.0,Consumer Non-Durables,125,1838.63,0.09214285714285708
21.76,Consumer Services,132,1587.73,0.13281249999999986
18.0,Finance,148,2170.06,0.6855555555555556
19.25,Miscellaneous,113,1701.84,0.502077922077922
15.61,Health Care,123,1770.49,1.0506085842408712
20.5,Consumer Services,115,2399.29,0.0404878048780487
11.76,Capital Goods,119,2066.96,0.13265306122448983
18.06,Energy,130,2297.42,-0.1002214839424141
10.26,Health Care,70,2508.24,-0.05847953216374266
14.51,Health Care,131,1875.63,-0.06822880771881462
10.0,Health Care,107,2102.31,-0.607
9.96,Finance,15,2642.22,-0.007028112449799224
16.5,Consumer Services,117,1773.43,0.10121212121212131
14.91,Consumer Services,118,1507.84,0.14621059691482224
24.5,Consumer Services,111,2190.15,0.03836734693877556
12.12,Consumer Services,125,2279.55,0.5264026402640265
9.9,Consumer Durables,26,2088.87,0.021878787878787845
45.0148,Consumer Services,122,2012.1,0.21626665007952936
47.0,Consumer Services,129,2012.1,0.16085106382978728
22.31,Miscellaneous,114,2035.33,-0.21783953384132676
9.7,Finance,44,2187.02,0.01443298969072171
9.95,Finance,85,2090.1,0.03718592964824131
28.25,Consumer Services,124,1872.01,0.19150442477876095
9.51,Finance,109,1864.85,0.818086225026288
7.732,Health Care,110,2021.25,0.052237454733574655
44.0,Consumer Services,143,2085.18,0.045454545454545456
41.0,Consumer Services,9,2241.35,0.18195121951219514
9.65,Finance,21,2642.22,-0.0010362694300517913
24.53,Energy,124,1930.11,-0.04863432531593972
24.78,Energy,122,1830.61,0.031073446327683597
12.01,Capital Goods,132,1747.15,0.43213988343047455
12.9,Health Care,105,2088.0,0.17751937984496116
37.51,Consumer Services,113,2122.85,-0.009064249533457646
69.89,Consumer Services,117,2077.42,-0.46000858491915864
9.99,Consumer Services,49,1633.7,-0.02902902902902912
11.09,Consumer Services,107,1622.56,-0.0964833183047791
17.0,Consumer Durables,117,2102.15,0.1494117647058823
12.0,Consumer Services,1,1415.95,0.0
34.0,Miscellaneous,127,2171.37,-0.20294117647058818
9.45,Basic Industries,43,1936.92,0.0143915343915345
10.0,Finance,110,2075.15,-0.12100000000000008
18.0,Consumer Services,110,2039.82,-0.00777777777777781
24.98,Consumer Services,126,2182.87,-0.031224979983987235
24.53,Consumer Services,121,2072.78,0.04980839788014668
40.6,Technology,128,2163.75,-0.057635467980295646
5.97,Health Care,118,2102.31,-0.36515912897822445
17.63,Finance,121,2102.15,-0.259217243335224
18.48,Consumer Services,107,1978.34,0.23809523809523803
21.25,Capital Goods,62,2579.36,0.0018823529411764305
5.0,Public Utilities,72,2075.0,-0.3
12.72,Health Care,124,1925.15,0.07468553459119491
10.0,Health Care,72,1634.96,-0.1
17.96,Transportation,125,1875.63,0.00946547884187072
7.01,Health Care,124,1930.67,0.0827389443651926
16.32,Consumer Services,126,1872.18,0.2028186274509803
28.0,Consumer Services,140,2094.34,0.20785714285714288
34.0001,Consumer Services,44,2091.48,0.00796468245681613
28.04,Consumer Services,139,2094.34,0.19543509272467918
35.11,Technology,120,2000.12,-0.28481913984619767
42.0,Technology,25,2003.37,-0.3816666666666667
32.0,Consumer Non-Durables,145,2111.72,0.3396874999999999
10.73,Basic Industries,120,1450.99,0.30288909599254427
18.55,Technology,141,1603.26,0.7994609164420486
58.6,Health Care,123,1403.28,0.29692832764505117
9.9999,Finance,33,2263.79,0.0010100101001009564
14.0,Consumer Services,125,1405.87,-0.0071428571428571175
26.26,Miscellaneous,22,1351.95,-0.10891089108910902
11.56,Technology,121,2109.99,0.47664359861591693
24.95,Finance,49,2585.64,-0.0020040080160320926
12.27,Basic Industries,114,1709.67,0.2917685411572942
16.27,Finance,71,2581.07,0.3896742470805163
9.498,Health Care,73,2452.51,0.23289113497578456
7.61,Health Care,90,2105.26,-0.43101182654402104
16.705,Capital Goods,127,1782.59,0.13618677042801572
26.0,Finance,125,1862.31,0.3519230769230769
15.31,Capital Goods,121,2126.64,-0.08687132593076421
28.11,Health Care,131,2101.49,0.0750622554251156
19.06,Technology,123,2102.31,-0.23137460650577119
29.1,Technology,59,2562.1,0.325085910652921
45.2,Health Care,42,2099.84,-0.35840707964601776
16.08,Finance,111,1998.3,-0.32213930348258696
16.0,Consumer Durables,112,1872.01,-0.48124999999999996
27.1,Health Care,141,2185.79,0.31992619926199267
12.75,Finance,85,1927.11,0.06588235294117646
13.5,Energy,116,2297.42,-0.5948148148148149
28.23,Technology,92,2430.01,0.2298972724052426
128.1,Health Care,94,1956.98,-0.6592505854800936
23.91,Health Care,124,1692.56,0.5545796737766625
21.92,Consumer Services,122,2102.4,0.19251824817518243
16.655,Consumer Services,133,1960.96,0.256679675773041
9.72,Technology,140,2081.24,0.0
24.24,Technology,95,2075.32,-0.030940594059405944
16.65,Technology,108,1691.42,-0.269069069069069
30.0,Health Care,125,1344.9,0.49500000000000005
9.75,Finance,63,2433.14,0.0010256410256410037
10.09,Finance,55,2390.9,0.1179385530227948
13.09,Finance,138,1756.54,0.3666921313980138
43.2,Health Care,137,1639.04,0.01249999999999998
9.75,Technology,122,1930.11,0.016410256410256424
19.9,Technology,116,1558.71,0.09497487437185934
13.8,Technology,117,2035.33,-0.19927536231884058
6.4,Technology,60,1815.69,0.7187499999999999
9.65,Finance,50,2399.29,0.015544041450777238
10.0,Finance,81,2372.6,0.009999999999999964
25.35,Energy,127,1411.94,0.43431952662721884
19.0,Energy,118,2151.33,0.0036842105263158046
8.0,Technology,116,2153.74,0.26875000000000004
19.75,Capital Goods,137,1387.57,0.11392405063291139
113.82,Technology,109,1556.89,-0.22939729397293973
8.0,Health Care,117,1930.67,0.050000000000000044
14.0,Health Care,99,2440.69,0.1292857142857143
11.17,Consumer Services,122,2151.13,0.006266786034019721
9.73,Health Care,127,2040.04,0.7944501541623844
21.56,Finance,133,2076.06,0.18460111317254177
180.0,Consumer Services,124,1990.2,-0.1657222222222223
4.15,Technology,99,1987.01,-0.3614457831325302
25.0,Technology,42,2102.31,0.0
12.63,Technology,134,2081.24,-0.13143309580364212
11.5,Energy,108,1325.54,-0.12521739130434778
5.1501,Health Care,111,2181.9,0.3454301858216345
24.6996,Consumer Services,128,1885.08,0.006898897148131985
11.06,Technology,121,1959.53,0.0090415913200723
7.25,Health Care,109,2077.07,-0.32275862068965516
19.0,Technology,125,1402.6,-0.12052631578947363
23.28,Technology,128,2378.25,-0.06572164948453613
38.0,Consumer Durables,135,1646.06,0.09947368421052634
10.25,Health Care,125,2089.41,-0.09853658536585364
13.26,Health Care,114,2133.04,-0.07315233785822026
6.0,Technology,42,2168.48,-0.1166666666666667
8.96,Health Care,130,1660.06,1.1339285714285714
17.2528,Transportation,95,1888.53,-0.010595381619215449
15.0,Finance,125,1864.85,0.1973333333333334
19.43,Finance,125,1460.26,-0.07050952135872368
26.0,Energy,134,2147.26,0.7180769230769232
10.8,Health Care,115,1958.03,-0.22777777777777783
17.0,Finance,77,1639.77,0.002352941176470538
24.16,Consumer Services,128,1485.98,0.293046357615894
15.0,Health Care,63,2510.06,0.32399999999999995
20.51,Finance,132,2089.27,0.27742564602632847
19.25,Energy,136,2384.2,0.15480519480519483
32.0,Consumer Services,129,1606.28,0.3571875
17.1,Health Care,114,2102.15,-0.16374269005847955
31.32,Public Utilities,130,1960.96,0.10727969348659001
6.0,Health Care,120,1973.32,-0.27166666666666667
9.39,Energy,83,2436.1,0.03726304579339722
15.84,Consumer Services,106,2344.93,-0.2771464646464647
7.32,Basic Industries,97,2472.1,0.19808743169398896
10.35,Consumer Services,126,1755.2,0.2714975845410629
30.0,Technology,131,2002.33,0.09933333333333323
15.76,Basic Industries,59,2581.07,0.25951776649746205
9.82,Public Utilities,20,2096.29,0.008146639511201636
13.99,Finance,130,1839.78,0.2959256611865617
24.82,Finance,127,2102.95,-0.001208702659145896
24.67,Finance,127,2091.5,0.01661937576003229
24.78,Finance,120,1957.22,0.01361985472154958
17.2,Consumer Services,126,1337.89,0.1267441860465116
23.0,Basic Industries,144,2063.37,1.0121739130434784
16.11,Technology,113,2105.26,-0.15083798882681562
16.875,Public Utilities,103,2068.76,-0.6041481481481482
14.56,Health Care,66,2510.06,-0.28502747252747257
31.05,Health Care,107,2093.25,-0.43703703703703706
13.26,Finance,114,1770.61,-0.1191553544494721
8.14,Technology,74,1942.04,-0.10442260442260448
14.0,Finance,117,2381.38,0.26500000000000007
11.5,Consumer Non-Durables,41,1988.44,-0.12826086956521737
13.77,Health Care,126,2163.12,-0.7007988380537399
22.83,Technology,133,1362.16,0.32939115199299185
18.1,Health Care,125,1650.51,-0.006077348066298507
12.0,Consumer Services,123,2030.77,-0.07500000000000002
13.0,Consumer Services,109,1597.59,0.04461538461538462
12.7,Consumer Services,131,2112.93,0.02755905511811035
13.57,Finance,134,1365.91,0.6138540899042003
8.06,Health Care,127,1603.26,0.4354838709677419
24.58,Finance,128,2139.16,0.34174125305126113
5.58,Health Care,106,2093.32,0.0
21.0,Health Care,116,2057.14,-0.17619047619047615
26.1,Technology,117,2168.27,0.2057471264367815
21.55,Health Care,121,2076.78,-0.5814385150812065
57.6,Health Care,88,1693.87,-0.0555555555555556
24.5,Finance,133,1930.67,0.013469387755101972
17.55,Health Care,114,1951.36,-0.32877492877492887
7.7,Consumer Services,82,1681.55,0.03506493506493501
23.13,Health Care,127,2031.21,1.1037613488975355
16.59,Health Care,118,2088.48,-0.0886075949367089
7.32,Health Care,112,2019.64,-0.12021857923497266
163.08,Health Care,112,2001.57,-0.32008830022075063
11.26,Capital Goods,122,1782.59,0.12966252220248675
14.96,Consumer Services,118,1628.93,0.18783422459893037
15.2,Consumer Services,124,1628.93,0.14539473684210533
9.6499,Consumer Durables,114,1909.57,0.07254997461113577
10.06,Consumer Durables,115,1949.44,0.0685884691848906
14.5,Consumer Services,115,2089.27,-0.15034482758620688
11.0,Consumer Services,114,1646.06,2.6363636363636362
24.47,Public Utilities,120,2122.73,-0.47159787494891703
24.8,Consumer Services,62,2544.73,-0.05000000000000008
24.62,Consumer Services,123,2081.18,-0.16165718927701056
24.45,Finance,129,1631.38,-0.16237218813905926
102.5,Consumer Services,131,1842.98,0.00975609756097561
40.62,Finance,133,1387.57,-0.07385524372230429
14.44,Consumer Services,118,1556.89,-0.1437673130193905
14.5,Health Care,125,2160.77,-0.3655172413793104
10.57,Health Care,120,2296.68,-0.43046357615894043
16.08,Basic Industries,135,1690.5,0.5167910447761196
12.6105,Health Care,136,1978.34,0.5431584790452402
17.55,Basic Industries,117,1978.34,-0.0700854700854701
32.75,Public Utilities,140,1845.89,0.12793893129770986
22.6,Technology,127,2355.54,0.10309734513274328
20.57,Consumer Services,130,2124.29,-0.18813806514341277
25.05,Health Care,113,1689.37,0.13293413173652688
18.51,Finance,129,1721.54,0.49594813614262556
16.5,Energy,72,2500.6,0.08363636363636358
40.16,Health Care,120,1994.99,0.6394422310756974
26.12,Finance,129,2012.89,-0.35068912710566613
4.5,Health Care,95,2046.61,-0.05555555555555555
195.1,Health Care,111,1690.25,-0.2475653511019989
10.75,Technology,122,2126.64,-0.3479069767441861
114.25,Health Care,97,2089.46,-0.3238512035010941
23.0,Health Care,124,1692.77,0.48
18.16,Health Care,66,2553.17,-0.016519823788546294
15.0224,Basic Industries,124,1957.22,-0.10001065076152944
14.44,Consumer Services,123,1521.38,-0.2174515235457063
41.3,Health Care,121,1930.67,-0.25301452784503625
6.1655,Transportation,78,2102.63,-0.29530451707079713
9.69,Finance,18,2461.43,-0.006191950464396153
10.01,Finance,41,2472.54,-0.006993006993007022
10.51,Public Utilities,103,1660.06,-0.25643196955280684
16.15,Health Care,126,1946.72,1.063777089783282
29.5,Consumer Services,123,1857.62,0.15152542372881353
7.5,Health Care,107,1380.03,0.2
12.08,Health Care,108,2399.29,-0.29966887417218535
6.6,Finance,111,1849.04,-0.009090909090909031
13.58,Health Care,118,1804.76,0.3210603829160531
58.5587,Energy,128,1721.54,0.270122116781964
12.0,Basic Industries,100,1754.67,0.7416666666666666
16.12,Health Care,135,1815.69,0.18734491315136473
9.62,Transportation,74,1809.6,0.04677754677754689
53.1,Technology,124,1362.66,-0.03370998116760827
18.0,Transportation,111,2020.85,0.41055555555555556
8.06,Health Care,76,2075.81,0.7928039702233248
15.15,Technology,126,1842.98,0.19339933993399325
26.1,Finance,130,2139.43,-0.01609195402298857
25.88,Energy,126,1419.45,0.07187017001545593
26.75,Energy,106,1878.48,-0.028785046728971947
28.12,Consumer Services,121,1690.5,-0.28485064011379807
10.0,Health Care,100,1378.53,0.49000000000000005
15.76,Finance,132,2348.69,0.0862944162436549
23.99,Technology,129,1860.77,-0.14380992080033345
39.0,Public Utilities,108,2050.03,0.08974358974358974
21.19,Energy,128,1900.53,-0.11798017932987258
23.0,Public Utilities,132,1691.75,0.158695652173913
38.0,Health Care,133,1958.03,0.15473684210526323
19.7601,Health Care,94,2472.54,0.03440772060870137
6.56,Health Care,130,1613.2,2.14329268292683
6.0201,Consumer Non-Durables,64,2500.6,-0.2641318250527401
22.15,Consumer Non-Durables,130,1569.19,0.2004514672686231
18.72,Consumer Non-Durables,130,1923.82,0.20779914529914534
9.2,Consumer Services,127,1405.87,0.08695652173913052
13.25,Technology,128,1378.53,0.03245283018867923
18.15,Finance,118,1626.67,0.03966942148760344
17.49,Consumer Services,129,2048.72,0.08118925100057187
16.3601,Capital Goods,137,2165.17,1.0904517698547078
7.9,Finance,109,1885.52,0.08227848101265826
29.3,Consumer Services,117,1698.67,0.2187713310580205
6.3,Technology,82,2423.41,-0.5238095238095238
29.16,Finance,128,1942.74,-0.17318244170096025
29.0,Consumer Services,129,2271.72,-0.09620689655172411
15.89,Consumer Services,138,1906.13,0.9634990560100691
13.75,Consumer Services,130,2083.56,0.1527272727272727
4.1,Health Care,138,2047.63,0.5268292682926831
112.0,Health Care,122,1846.34,-0.3014285714285715
9.65,Consumer Services,45,2081.72,0.015544041450777238
55.0,Finance,116,2014.89,-0.27999999999999997
10.1,Consumer Services,125,2082.78,0.20198019801980208
7.09,Miscellaneous,122,2241.35,-0.18335684062059235
22.75,Consumer Non-Durables,128,1316.33,0.4237362637362638
13.02,Finance,40,2582.3,-0.4278033794162826
16.5,Basic Industries,66,2519.36,-0.12606060606060607
18.47,Health Care,144,2039.33,0.5224688684353006
24.07,Capital Goods,132,1365.74,0.4009140008309098
9.5,Consumer Durables,29,2089.41,0.033684210526315816
14.2,Health Care,119,2011.36,0.2253521126760563
19.0,Consumer Services,118,1403.28,-0.48736842105263156
6.6,Health Care,138,1430.15,0.2537878787878789
10.0,Health Care,126,1927.11,0.092
20.07,Consumer Services,110,2104.99,-0.1514698555057299
13.26,Technology,137,2372.6,0.052036199095022585
16.0,Technology,129,1995.83,-0.22812500000000002
32.0,Energy,131,1387.57,0.3274999999999999
28.1,Energy,143,1692.39,0.19323843416370104
15.63,Health Care,133,1588.19,0.06845809341010867
11.2,Health Care,113,2185.79,0.9812500000000003
5.27,Health Care,127,1829.08,1.3017077798861483
14.75,Health Care,125,1655.35,0.5193220338983051
15.61,Finance,134,2108.86,0.057014734144779027
18.0,Health Care,110,1866.52,-0.2777777777777778
12.25,Finance,117,2124.29,0.04081632653061224
14.85,Basic Industries,118,1295.5,-0.11986531986531983
4.05,Transportation,116,2109.79,-0.5478765432098764
36.0,Miscellaneous,116,2068.76,-0.012222222222222159
19.0,Consumer Services,123,2141.34,-0.026842105263157976
29.18,Finance,61,2561.26,-0.4544208361891707
14.07,Health Care,116,2091.48,-0.4918265813788202
16.81,Miscellaneous,131,1614.42,0.8536585365853661
12.0,Technology,126,1440.67,0.09083333333333332
68.01,Technology,116,2058.2,0.23555359505954998
32.98,Consumer Services,125,2026.14,0.28138265615524566
14.6,Technology,117,2111.72,0.44863013698630133
6.39,Health Care,129,1911.91,0.4507042253521127
21.0,Consumer Services,119,1656.4,0.21571428571428578
15.15,Technology,131,1872.01,-0.1425742574257426
27.1,Consumer Services,108,1878.04,-0.12952029520295208
14.61,Health Care,127,1751.64,-0.18412046543463378
55.0,Capital Goods,126,2018.94,-0.2358181818181818
41.85,Health Care,132,1782.59,0.13476702508960575
13.0,Health Care,104,2139.43,0.7246153846153848
23.25,Finance,96,2477.83,0.14537634408602146
19.29,Finance,90,2472.1,0.34836702954898924
11.1,Health Care,81,1461.89,-0.03603603603603607
8.0,Health Care,141,1949.44,1.4562499999999998
16.0,Consumer Services,64,2575.21,-0.020625000000000004
9.9,Basic Industries,111,1314.5,-0.2898989898989899
8.25,Health Care,112,1878.04,-0.2951515151515151
13.5,Finance,132,1419.45,0.3866666666666666
8.5,Technology,110,1920.03,-0.32941176470588235
11.03,Health Care,129,2090.1,1.172257479601088
8.3,Capital Goods,45,2626.07,-0.08795180722891571
24.5,Capital Goods,132,2294.69,0.22857142857142862
14.0,Consumer Services,119,1692.09,-0.0014285714285713982
4.1,Health Care,138,1461.4,0.27317073170731715
29.25,Health Care,116,1990.2,-0.5723076923076924
30.32,Consumer Services,143,1414.2,0.15303430079155675
141.2,Basic Industries,103,2122.73,-0.5694050991501416
32.5,Finance,130,1432.84,0.38000000000000006
16.18,Finance,116,1405.54,0.027812113720642725
25.4,Finance,117,1693.87,0.17165354330708674
9.75,Miscellaneous,37,1988.87,-0.016410256410256424
15.75,Public Utilities,116,2012.89,-0.023492063492063443
11.89,Consumer Services,143,2021.94,1.1732548359966357
12.06,Finance,122,2102.95,0.23631011608623548
17.1,Technology,111,1691.75,0.2713450292397659
15.75,Consumer Services,52,2510.06,1.8977777777777778
9.95,Energy,56,2059.74,0.015075376884422148
10.0,Energy,62,2022.19,0.03300000000000001
19.98,Energy,122,1391.57,-0.08758758758758758
8.54,Consumer Services,137,1398.08,0.26463700234192056
24.02,Technology,119,2126.64,-0.32764363030807664
18.25,Consumer Services,137,2095.15,0.1534246575342466
19.99,Energy,135,1838.7,0.39569784892446225
45.0,Health Care,112,2108.58,-0.5022222222222222
17.12,Technology,126,1890.9,-0.35806074766355145
10.4,Capital Goods,114,2099.84,0.14230769230769236
21.0,Health Care,127,1773.43,0.5876190476190478
11.5,Health Care,108,1985.54,0.5165217391304349
90.0,Health Care,99,1357.99,2.433333333333333
19.0,Technology,129,1403.28,-0.17105263157894737
38.5,Basic Industries,106,1937.78,-0.2587012987012987
24.0,Consumer Services,75,2507.04,-0.19166666666666674
10.01,Basic Industries,122,1931.59,-0.015984015984015998
23.21,Health Care,68,2552.07,0.12279190004308478
16.03,Technology,126,1864.85,0.13849033063006855
18.5,Consumer Services,102,2434.5,-0.03243243243243251
26.1,Health Care,138,1978.22,0.6762452107279693
31.35,Technology,142,1697.6,0.14736842105263148
13.0,Technology,58,2578.85,0.5684615384615385
108.36,Transportation,102,1775.5,-0.029900332225913574
11.27,Finance,123,1613.2,0.3016858917480036
9.975,Health Care,111,2033.11,-0.6190476190476191
10.5,Finance,31,2020.85,0.11904761904761904
5.7315,Basic Industries,124,1517.01,-0.5032888423623832
10.71,Health Care,116,2057.14,0.18580765639589153
25.0,Consumer Services,119,1545.8,0.005999999999999943
12.0,Finance,52,2578.85,0.1058333333333333
25.0,Finance,114,1828.46,-0.24040000000000006
9.9,Finance,37,2180.39,0.010101010101010065
10.02,Finance,68,2139.16,0.039321357285429334
13.78,Health Care,46,2578.85,-0.20029027576197386
13.4,Technology,114,2091.58,0.006716417910447751
8.63,Health Care,110,1881.14,-0.09617612977983787
18.1178,Energy,127,2150.49,0.1171334267957478
23.76,Energy,130,1433.19,0.24452861952861946
21.14,Energy,111,1385.14,-0.019394512771996223
30.26,Consumer Services,114,1555.25,-0.008592200925313997
19.49,Technology,130,2056.15,0.3986659825551567
13.9,Health Care,116,2085.45,0.3733812949640287
17.76,Technology,56,2564.62,0.3885135135135134
17.08,Consumer Services,141,1957.22,0.4994145199063233
10.06,Finance,102,1411.13,0.05864811133200794
13.8917,Finance,133,1888.53,0.037669975596939104
14.8,Consumer Services,49,2578.85,0.48040540540540533
33.0,Consumer Services,120,1706.87,0.1384848484848485
11.97,Consumer Services,116,1998.3,0.24143692564745184
4.75,Consumer Services,92,2434.5,0.17473684210526316
11.5,Technology,124,2404.39,2.2113043478260868
16.95,Health Care,131,1923.82,-0.2861356932153392
45.12,Consumer Services,117,1994.99,0.5367907801418441
31.5,Energy,131,1982.3,0.2365079365079366
24.11,Technology,129,2130.82,0.5860638739112403
28.0,Consumer Services,127,1428.59,0.5246428571428571
15.99,Health Care,129,1982.3,0.19074421513445897
21.5,Consumer Services,134,1352.63,0.1534883720930233
25.49,Consumer Non-Durables,132,2064.11,0.39976461357395066
8.26,Consumer Services,117,2063.5,-0.21186440677966104
8.0,Public Utilities,111,2039.33,0.48875
15.77,Basic Industries,122,1324.09,-0.2320862396956246
19.81,Consumer Services,120,1517.93,-0.08278647147905084
15.75,Health Care,97,2039.33,1.3650793650793651
20.27,Transportation,116,2439.07,-0.3339911198815984
20.57,Public Utilities,130,1440.67,0.08653378706854647
9.75,Health Care,111,2101.04,0.27282051282051284
10.0,Consumer Non-Durables,76,2147.26,0.03499999999999996
23.5,Technology,117,2381.92,-0.36638297872340425
15.43,Energy,98,2179.98,0.11147116007777051
18.57,Transportation,132,2357.49,0.15401184706515883
11.75,Health Care,119,1993.4,0.03319148936170217
8.0,Basic Industries,102,2246.19,-0.08875
18.5,Health Care,84,2475.42,0.368108108108108
18.0,Consumer Services,103,1961.63,-0.08944444444444441
13.0,Technology,45,2584.62,-0.36538461538461536
25.0,Consumer Services,115,2180.38,0.002095999999999947
24.9,Consumer Services,58,2555.24,0.0008875502008032846
11.0,Energy,128,2390.9,0.5845454545454545
8.835,Public Utilities,120,1969.95,-0.157328805885682
30.91,Technology,120,1376.92,0.20446457457133604
19.0,Health Care,118,2100.44,-0.2063157894736842
10.83,Health Care,64,2579.85,0.32502308402585406
9.12,Consumer Services,112,1864.85,-0.3684210526315789
9.0,Technology,134,2081.24,0.6455555555555557
5.05,Technology,15,1409.46,-0.009900990099009866
7.7488,Consumer Services,137,1460.26,0.3563777617179435
99.25,Basic Industries,135,1952.29,-0.09561712846347602
36.02,Finance,135,2068.76,-0.046363131593559176
17.34,Energy,127,1759.77,0.05767012687427912
28.5,Health Care,114,2124.29,-0.40701754385964917
5.8501,Health Care,97,2169.18,0.0256234936154937
11.9275,Technology,103,2433.14,0.26765877174596514
21.28,Technology,138,1432.84,0.5319548872180451
37.5,Technology,35,1519.79,1.0
22.14,Consumer Services,129,1782.0,0.05374887082204145
7.75,Health Care,103,2108.1,-0.3006451612903226
5.4591,Consumer Services,75,1733.15,0.09089410342364125
9.88,Finance,38,2126.41,0.032388663967611184
9.93,Finance,40,2183.87,0.037260825780463344
11.0,Health Care,124,1507.84,1.2127272727272727
10.02,Finance,38,2587.84,0.0029940119760480176
19.25,Consumer Services,141,2051.8,0.22337662337662342
19.1489,Basic Industries,124,2065.95,0.3038190183248123
22.52,Energy,128,1460.26,0.2726420959147425
5.2,Health Care,117,1405.82,1.1076923076923078
11.25,Finance,135,2040.04,0.35644444444444445
100.0,Capital Goods,123,2390.9,0.14650000000000005
18.0,Basic Industries,128,1485.98,0.2572222222222222
22.0,Public Utilities,123,1414.2,0.15727272727272731
22.6,Finance,137,1930.67,0.31637168141592914
19.61,Health Care,137,2031.92,0.6287608363080063
14.58,Health Care,120,2098.86,-0.12071330589849107
9.4,Consumer Services,63,1837.49,0.030851063829787143
17.55,Basic Industries,127,1363.72,0.1270655270655271
5.6399,Basic Industries,132,2091.5,3.2961754641039733
50.05,Finance,100,1977.1,-0.24675324675324664
14.75,Miscellaneous,116,1329.1,0.006779661016949128
12.0,Finance,126,2031.92,0.08583333333333328
14.75,Health Care,107,1877.86,0.5722033898305086
24.65,Finance,123,1551.69,-0.03164300202839747
25.0,Finance,70,2461.43,-0.027199999999999988
10.0,Health Care,137,2170.06,0.577
9.21,Health Care,106,1994.99,0.43322475570032554
32.1,Consumer Services,111,1761.64,0.0738317757009345
27.82,Health Care,122,2077.42,-0.3080517613227894
26.5,Technology,140,2052.23,-0.12490566037735844
9.05,Consumer Services,109,1888.77,0.49723756906077343
30.08,Public Utilities,124,2088.0,-0.2569813829787233
21.5,Public Utilities,132,1650.34,0.08837209302325574
33.0,Public Utilities,120,1978.22,-0.060909090909090954
5.06,Capital Goods,112,1872.83,0.03754940711462459
9.5,Consumer Durables,22,1357.99,0.03156842105263149
5.3,Consumer Non-Durables,108,1588.19,-0.11698113207547173
12.0,Consumer Services,10,1854.29,0.17499999999999996
10.77,Health Care,132,2262.03,0.5273909006499535
6.654,Finance,59,1872.83,0.19702434625788998
24.2601,Technology,130,2173.6,0.0008202769155939096
8.38,Technology,122,1613.2,-0.5405727923627686
16.81,Consumer Services,123,1369.1,0.09875074360499704
22.87,Capital Goods,125,1587.73,-0.11674682990817672
9.5,Finance,19,2078.36,0.021052631578947295
36.1,Basic Industries,118,1959.48,0.044044321329639785
186.1,Health Care,116,1790.62,0.06555615260612584
17.28,Miscellaneous,135,1849.04,0.6701388888888887
7.12,Technology,87,2423.41,-0.1699438202247191
410.0,Health Care,19,1344.9,-0.5951219512195122
10.25,Health Care,126,2328.95,0.35707317073170736
8.52,Consumer Services,122,1878.48,1.007042253521127
9.9,Consumer Non-Durables,128,2064.46,0.22727272727272727
10.0,Finance,41,2419.7,-0.015029999999999965
9.8,Finance,22,2438.97,-0.010204081632653206
19.0,Capital Goods,118,1498.11,-0.15000000000000008
11.31,Energy,122,2175.03,0.3483642793987621
12.25,Finance,118,1661.32,0.4906122448979593
45.221000000000004,Consumer Services,130,1466.47,0.1741602352889143
14.0,Miscellaneous,128,2151.13,0.10714285714285714
390.0,Transportation,6,1690.5,0.038461538461538464
22.25,Consumer Services,118,1987.98,0.04853932584269655
10.0,Finance,47,1958.12,0.005000000000000071
19.35,Consumer Services,90,2473.45,0.0046511627906976665
24.51,Finance,133,2102.31,0.05099959200326397
9.59,Technology,121,1877.86,1.2002085505735143
10.41,Health Care,109,1978.22,-0.4390009606147935
11.1,Technology,112,2258.07,0.5324324324324327
6.35,Health Care,115,1782.59,-0.3165354330708661
12.1,Finance,114,1626.67,0.05785123966942158
20.18,Basic Industries,131,1930.11,-0.2913776015857284
9.93,Consumer Services,124,1987.98,0.23464249748237664
12.82,Health Care,135,1329.04,0.23010920436817467
27.8,Technology,129,2163.12,0.019424460431654644
13.61,Health Care,119,1909.57,0.3813372520205732
6.62,Health Care,121,1558.71,0.20392749244712985
12.63,Energy,128,2132.98,0.7062549485352335
16.26,Consumer Services,123,1965.99,-0.01599015990159911
23.66,Technology,127,2113.32,0.3313609467455621
9.8,Consumer Non-Durables,87,2080.41,-0.005102040816326603
11.77,Technology,127,1857.62,0.518266779949023
44.0,Technology,129,1747.15,0.052727272727272734
7.36,Consumer Non-Durables,108,2171.37,-0.48913043478260876
22.4,Finance,121,2020.58,-0.012499999999999893
27.0,Consumer Services,126,2100.4,-0.2518518518518519
24.05,Consumer Durables,120,2121.24,-0.19667359667359668
9.62,Technology,111,2031.21,-0.21101871101871097
13.01,Health Care,122,2389.52,1.2682551883166795
17.4,Public Utilities,142,1472.34,0.2442528735632184
15.75,Transportation,119,1928.21,-0.1828571428571429
24.08,Consumer Non-Durables,131,2090.1,-0.05066445182724248
5.85,Health Care,114,1946.16,-0.23931623931623924
13.1,Finance,121,1928.21,0.06946564885496184
21.03,Consumer Durables,122,1405.54,0.3742272943414169
12.65,Health Care,107,1763.31,0.457707509881423
9.85,Finance,47,2384.2,-0.0010152284263959175
10.0,Finance,64,2353.78,0.015000000000000036
20.66,Consumer Services,136,1998.98,0.4457889641819942
10.25,Capital Goods,125,1671.71,0.17268292682926825
35.06,Technology,119,1721.54,-0.008556759840273938
13.07,Technology,112,2390.9,2.4774292272379497
18.5,Consumer Services,52,2561.26,0.05999999999999997
21.99,Finance,122,2104.99,0.05638926784902238
19.3,Capital Goods,109,1744.5,0.771502590673575
8.21,Health Care,105,2106.85,-0.289890377588307
27.5,Energy,140,1782.22,0.49854545454545457
12.75,Transportation,114,1725.52,-0.11529411764705888
16.8,Health Care,85,2091.18,-0.3095238095238096
245.81,Consumer Services,123,1804.76,-0.0928859688377202
31.0,Energy,120,1956.98,-0.34838709677419355
20.41,Basic Industries,87,2472.16,0.08525232729054377
19.2,Finance,144,1597.59,0.5114583333333333
5.0,Health Care,57,2104.18,-0.1
27.99,Capital Goods,132,2271.31,0.19185423365487678
13.5,Health Care,106,2388.77,0.1827037037037037
38.0,Technology,124,1859.45,-0.40236842105263154
11.7501,Basic Industries,109,2163.78,-0.5421315563271802
99.0,Finance,120,2294.69,0.00787878787878789
27.0,Consumer Services,133,1956.98,0.7440740740740742
28.0,Health Care,122,1866.52,-0.26999999999999996
16.01,Capital Goods,111,1946.16,-0.4753279200499688
24.96,Basic Industries,132,2139.12,0.16947115384615385
10.75,Health Care,110,1316.33,-0.05116279069767449
31.0,Capital Goods,121,2021.25,0.5296774193548388
11.85,Health Care,135,1864.85,0.9670886075949366
10.71,Health Care,115,2108.63,-0.4033613445378152
9.7288,Public Utilities,35,2123.48,0.018625113066359722
23.1,Basic Industries,124,2164.69,0.012987012987012863
14.75,Health Care,121,2075.0,-0.4006779661016949
24.76,Public Utilities,131,1845.16,0.04684975767366721
34.49,Consumer Services,132,1946.17,-0.3200927805160917
20.55,Public Utilities,117,2160.77,-0.170316301703163
9.75,Miscellaneous,136,1357.99,0.836923076923077
7.76,Technology,122,1857.62,0.541237113402062
16.26,Technology,121,1864.85,0.25153751537515373
18.14,Consumer Services,133,1804.76,0.8616317530319737
11.16,Technology,131,1917.83,0.5456989247311828
45.05,Technology,130,1428.59,0.27902330743618203
11.45,Finance,85,1318.43,0.17816593886462892
27.0,Public Utilities,122,1418.07,0.28222222222222215
44.0,Consumer Services,106,1386.89,0.1036363636363637
25.0,Consumer Services,112,2163.12,0.008268000000000058
24.4,Consumer Services,119,1883.95,-0.003278688524590094
29.180999999999997,Consumer Services,124,2094.11,-0.2073609540454405
10.25,Finance,18,2012.1,-0.03219512195121952
16.19,Technology,116,1770.49,0.384187770228536
13.16,Technology,128,2002.33,0.09118541033434645
29.75,Basic Industries,120,1970.07,-0.0689075630252101
18.32,Consumer Services,129,1357.99,0.2554585152838428
15.99,Capital Goods,134,1978.34,0.3527204502814258
16.0,Consumer Services,97,2415.07,-0.09375
18.49,Miscellaneous,132,1392.78,0.20767982693347756
19.5,Consumer Services,125,1888.53,-0.10974358974358978
47.75,Energy,128,2126.64,-0.22492146596858642
15.0,Energy,124,2253.28,-0.25199999999999995
9.67,Finance,46,2474.92,0.00032057911065148714
10.02,Finance,53,2475.42,0.029940119760479115
24.63,Finance,138,2124.2,0.07470564352415753
14.0,Energy,119,2348.69,0.07142857142857142
21.0,Technology,124,1756.54,1.2042857142857142
16.0,Health Care,135,2075.0,-0.10312500000000002
6.6,Health Care,43,1703.2,5.4
21.67,Health Care,124,2106.63,-0.15459160129210897
9.9,Miscellaneous,41,1744.5,0.019191919191919142
9.21,Health Care,117,2023.57,0.8273615635179149
12.56,Health Care,130,1987.98,0.535031847133758
20.5,Consumer Services,109,2041.51,0.15121951219512203
18.5,Health Care,123,1722.34,1.4054054054054055
5.75,Health Care,128,1795.15,0.7878260869565217
14.2,Technology,106,1949.98,-0.31690140845070425
21.83,Energy,123,2139.18,-0.1456710948236372
20.12,Health Care,120,1697.48,0.021356858846918507
23.5,Capital Goods,132,1509.39,1.5093617021276595
6.2,Finance,99,2384.2,-0.011290322580645207
28.25,Capital Goods,121,2101.49,-0.5132743362831859
22.0,Consumer Services,119,1369.63,0.09318181818181821
13.19,Technology,121,2328.95,-0.013646702047005285
13.38,Finance,118,2095.15,0.37892376681614337
4.16,Consumer Services,77,2441.32,-0.3197115384615385
8.35,Finance,129,2005.55,0.43113772455089816
9.55,Consumer Services,28,1967.9,0.04188481675392655
25.65,Consumer Services,132,2126.5,0.025730994152046792
10.5,Technology,144,1391.03,0.5238095238095238
25.72,Miscellaneous,139,2098.04,-0.0633748055987558
10.01,Finance,95,1556.89,0.011988011988012087
21.21,Public Utilities,128,1886.76,0.2380952380952381
17.44,Health Care,75,2474.02,-0.21043577981651385
11.06,Technology,136,1870.85,0.9755877034358047
19.23,Health Care,134,1959.48,0.004160166406656177
7.5,Capital Goods,91,2476.55,0.3479999999999999
23.8,Health Care,66,2508.24,-0.054621848739495826
23.73,Consumer Services,126,1815.69,0.22924568057311426
219.8,Health Care,108,2029.55,-0.3393994540491357
16.5,Transportation,135,2133.04,-0.21939393939393934
30.47,Health Care,115,1513.17,0.004266491631112654
13.0,Health Care,115,2384.2,-0.4115384615384615
15.5,Health Care,104,2099.84,-0.2612903225806452
